{
	"character_tails_springtwirl_0":  { "File": "tails_twirl.bmp", "Rect": "0,0,33,47", "Center": "16,21" },
	"character_tails_springtwirl_1":  { "File": "tails_twirl.bmp", "Rect": "34,0,33,47", "Center": "16,21" },
	"character_tails_springtwirl_2":  { "File": "tails_twirl.bmp", "Rect": "68,0,33,47", "Center": "16,21" },
	"character_tails_springtwirl_3":  { "File": "tails_twirl.bmp", "Rect": "102,0,33,47", "Center": "16,21" },
	"character_tails_springtwirl_4":  { "File": "tails_twirl.bmp", "Rect": "136,0,33,47", "Center": "16,21" },
	"tails_peelout_3xp_0":  { "File": "character_tails_peelout_3xp.bmp", "Rect": "1,0,39,40", "Center": "23,24" },
	"tails_peelout_3xp_1":  { "File": "character_tails_peelout_3xp.bmp", "Rect": "41,0,39,40", "Center": "23,24" },
	"tails_peelout_3xp_2":  { "File": "character_tails_peelout_3xp.bmp", "Rect": "81,0,39,40", "Center": "24,24" },
	"tails_peelout_3xp_3":  { "File": "character_tails_peelout_3xp.bmp", "Rect": "121,0,39,40", "Center": "24,24" },
        "Tails_fall":  { "File": "Tails_fall.bmp", "Rect": "0,0,28,36", "Center": "16,23" },
	"tails_peelout_forever_0":  { "File": "character_tails_peelout_forever.bmp", "Rect": "38,1,38,28", "Center": "14,16" },
	"tails_peelout_forever_1":  { "File": "character_tails_peelout_forever.bmp", "Rect": "0,1,37,27", "Center": "13,16" },
	"tailscont":  { "File": "continue.png", "Rect": "44,1,19,24", "Center": "10,12" }
}
