{
	"Metadata":
	{
		"Name": "Miles Modifications - Blue Shoes Edition",
		"UniqueID": "miles-modifications-blueshoesedition",
		"Author": "Kira Tenkashi, OG Mod by the great Useott",
		"Description": "''It's Tails, but with some S3 and Mania upgrades!''\nI've made this addon for Miles Modifications, since someone asked if there's gonna be a BLUE SHOES version for that mod. You need the original mod to make this work.",
		"URL": "The original mod -> https://gamebanana.com/mods/534340",
		"ModVersion": "Blue Shoes",
		"GameVersion": "20.04.26.0"
	}
}
